"AATROX","LUCHADOR","Aatrox y sus hermanos, otrora respetados defensores de Shurima contra el Vacío, acabarían convirtiéndose en una amenaza aún mayor para Runaterra y solo conocieron la derrota ante el uso astuto de hechizos mortales. No obstante, tras siglos de reclusión... VER MÁS"
"AHRI","MAGO","Ahri es una vastaya conectada de forma innata al poder latente de Runaterra, y es capaz de convertir la magia en orbes de energía pura. Le gusta jugar con su presa, manipulando sus emociones antes de devorar su esencia de vida. A pesar de su naturaleza... VER MÁS"
"AKALI","ASESINO","Tras abandonar la orden de los Kinkou y su título de Puño de la Sombra, Akali actúa ahora en solitario y está lista para convertirse en el arma mortal que necesita su gente. Aunque no renuncia a las enseñanzas de Shen, su maestro, ha jurado defender... VER MÁS"
"AKSHAN","TIRADOR","Impávido ante el peligro, Akshan combate el mal con gran carisma, ganas de impartir justa venganza y una evidente falta de camisetas. Domina el arte del combate sigiloso, por lo que es capaz de desaparecer a los ojos de sus enemigos y volver a aparecer... VER MÁS"
"ALISTAR","TANQUE","Alistar, un poderoso guerrero con una reputación temible, busca venganza por la muerte de su clan a manos del imperio noxiano. Aunque fue esclavizado y forzado a vivir como gladiador, fue su voluntad inquebrantable lo que le impidió convertirse en una... VER MÁS"
"AMUMU","TANQUE","Cuenta la leyenda que Amumu es un alma solitaria y melancólica de la vieja Shurima que vaga por el mundo en busca de un amigo. Condenado por una maldición ancestral, su destino es permanecer solo para siempre, pues su tacto es muerte y su cariño, la... VER MÁS"
"ANIVIA","MAGO","Anivia es un espíritu alado benevolente que soporta ciclos interminables de vida, muerte y nacimiento para proteger Freljord. Semidiosa nacida del hielo implacable y los vientos crueles, canaliza estos poderes elementales para anular a cualquiera que se... VER MÁS"
"ANNIE","MAGO","Peligrosa pero encantadoramente precoz, Annie es una pequeña maga con un inmenso poder piromántico. Incluso en los parajes montañosos al norte de Noxus es una hechicera sin precedentes. Su afinidad natural con el fuego se manifestó a temprana edad en... VER MÁS"
"APHELIOS","TIRADOR","Aphelios emerge de entre las sombras de la noche con armas en mano y asesina a los enemigos de su fe en un silencio inquietante, hablando a tiro limpio únicamente a través de la certitud de su puntería. Un veneno que le impide hablar se encarga de... VER MÁS"
"ASHE","TIRADOR","Ashe, comandante hija del hielo de la tribu de Avarosa, lidera las hordas más numerosas del norte. Impasible, inteligente e idealista, aunque incómoda en su papel de líder, utiliza los poderes mágicos ancestrales de su linaje para empuñar un arco de... VER MÁS"
"AURELION SOL","MAGO","Aurelion Sol solía agraciar al vasto vacío del cosmos con las maravillas celestiales que él mismo ideaba. Ahora, se ve forzado a hacer uso de su increíble poder para satisfacer los deseos de un imperio espacial que lo ha engañado para convertirlo en su... VER MÁS"
"AZIR","MAGO","Azir, emperador de Shurima en un pasado remoto, fue un hombre orgulloso que estuvo a punto de alcanzar la inmortalidad. Dominado por la arrogancia, fue traicionado y asesinado en la hora de su mayor triunfo, pero ahora, milenios después, ha renacido... VER MÁS"
"BARDO","APOYO","Bardo, un viajero de más allá de las estrellas, es un agente de la serendipia que lucha para mantener un equilibrio en el que la vida pueda soportar la indiferencia del caos. Muchos habitantes de Runaterra cantan canciones que hablan de su naturaleza... VER MÁS"
"BLITZCRANK","TANQUE","Blitzcrank es un autómata enorme, casi indestructible, creado originalmente para el tratamiento de residuos tóxicos. Sin embargo, este propósito original le parecía demasiado restrictivo, así que se automodificó para servir mejor a los débiles del... VER MÁS"
"BRAND","MAGO","Brand, antiguo miembro de la tribu Kegan Rodhe del helado Freljord, es una lección sobre la tentación de un poder mayor. En busca de una de las legendarias Runas Geogénicas, Kegan traicionó a sus compañeros y se quedó con la runa. El hombre desapareció... VER MÁS"
"BRAUM","APOYO","Bendecido con bíceps enormes y un corazón aún más grande, Braum es un héroe muy apreciado en Freljord. Todas las tabernas al norte del Fuerte Helado brindan por su fuerza legendaria. Se dice que taló un bosque de robles en una sola noche y convirtió una... VER MÁS"
"CAITLYN","TIRADOR","Reconocida como su mejor pacificadora, Caitlyn es también la mejor arma de Piltover para librar a la ciudad de sus elusivos elementos criminales. A menudo trabaja con Vi, y actúa como un frío y eficiente contrapunto para la naturaleza más impetuosa de... VER MÁS"
"CAMILLE","LUCHADOR","Convertida en un arma viviente diseñada para operar fuera de la ley, Camille es la jefa de espías del clan Ferros, una elegante agente de élite que se asegura de que nada amenace el funcionamiento de Piltover ni de Zaun. Su adaptabilidad y minuciosidad... VER MÁS"
"CASSIOPEIA","MAGO","Cassiopeia es una criatura mortal empeñada en manipular a otros según su siniestra voluntad. La hija más joven y hermosa de la noble familia Du Couteau de Noxus, se aventuró en lo más profundo de las criptas debajo de Shurima en busca de poder ancestral... VER MÁS"
"CHO'GATH","TANQUE","Desde el momento en que Cho'Gath emergió por primera vez a la dura luz solar de Runaterra, a la bestia solo le impulsaba el hambre más pura e insaciable. La perfecta expresión del deseo del Vacío de acabar con la vida, la compleja biología de Cho'Gath... VER MÁS"
"CORKI","TIRADOR","El piloto yordle Corki adora dos cosas por encima de todas las demás: volar y su glamuroso bigote. Aunque no necesariamente en ese orden. Tras abandonar la Ciudad de Bandle, se estableció en Piltover y se enamoró de las máquinas maravillosas que allí... VER MÁS"
"DARIUS","LUCHADOR","No hay mayor símbolo del poder de Noxus que Darius, el comandante más temido y más curtido en batallas de toda la nación. Pasando de orígenes humildes a convertirse en la Mano de Noxus, se abre paso a tajos entre los enemigos del imperio, muchos de... VER MÁS"
"DIANA","LUCHADOR","Portadora de una espada en forma de media luna, Diana es una guerrera de los Lunari, una fe rechazada en casi todas las tierras a los pies del Monte Targon. Ataviada con una armadura reluciente del color de la nieve en una noche de invierno, es la... VER MÁS"
"DR. MUNDO","LUCHADOR","Loco de remate, trágicamente homicida, terriblemente morado: el Dr. Mundo es lo que mantiene en sus casas a muchos habitantes de Zaun en las noches especialmente oscuras. Este autoproclamado doctor fue paciente del psiquiátrico más infame de Zaun. Tras... VER MÁS"
"DRAVEN","TIRADOR","En Noxus, los guerreros conocidos como 'justicieros' se enfrentan en recintos donde corre la sangre y se pone a prueba la fortaleza. Pero ninguno ha alcanzado la fama de Draven, un antiguo soldado cuyo sentido del espectáculo y habilidad sin igual con... VER MÁS"
"EKKO","ASESINO","Ekko, un prodigio surgido de las implacables calles de Zaun, manipula el tiempo para sacar ventaja de todas las situaciones. Con una máquina de su invención llamada Dispositivo Z, explora las distintas posibilidades de la realidad hasta alcanzar el... VER MÁS"
"ELISE","MAGO","Elise es una letal depredadora que mora en un palacio cerrado y sin luz situado en el corazón de la ciudad más antigua de Noxus. En su día fue una mujer mortal, señora de una casa poderosa, pero la picadura de un malvado semidiós la transformó en una... VER MÁS"
"EVELYNN","ASESINO","En los oscuros adentros de Runaterra, el súcubo Evelynn deambula en busca de su siguiente víctima. Acecha a sus presas con una voluptuosa fachada femenina, pero cuando alguien sucumbe a sus encantos, Evelynn libera su auténtica forma. Después somete a... VER MÁS"
"EZREAL","TIRADOR","Ezreal, un aventurero aficionado a deslizarse y dotado de artes mágicas sin saberlo, saquea catacumbas perdidas, lidia con maldiciones ancestrales y supera con facilidad adversidades imposibles. De valor y chulería sin límites, prefiere improvisar para... VER MÁS"
"FIDDLESTICKS","MAGO","Algo ha despertado en Runaterra. Algo ancestral. Algo terrible. El horror conocido como Fiddlesticks acecha en las lindes de la sociedad, en las zonas en las que impera la paranoia, donde se alimenta de aquellos a los que aterroriza. Armada con una... VER MÁS"
"FIORA","LUCHADOR","Fiora, la duelista más temida de Valoran, ha alcanzado renombre por su estilo brusco y su mente astuta, así como por la velocidad de su estoque. Fiora nació en el seno de la Casa Laurent, en el reino de Demacia, y asumió el control de la familia a raíz... VER MÁS"
"FIZZ","ASESINO","Fizz es un yordle anfibio que habita entre los arrecifes de alrededor de Aguas Estancadas. Suele recuperar y devolver los diezmos arrojados al mar por capitanes supersticiosos, pero incluso los marineros más agudos saben que no hay que plantarle cara... VER MÁS"
"GALIO","TANQUE","Fuera de la reluciente ciudad de Demacia, el coloso de piedra Galio se mantiene vigilante. Construido como un baluarte contra los magos enemigos, suele permanecer inmóvil durante décadas hasta que la presencia de magia poderosa lo vuelve a traer a la... VER MÁS"
"GANGPLANK","LUCHADOR","Tan impredecible como brutal, el destronado rey de los piratas conocido como Gangplank es temido a lo largo y ancho del mundo. Antes gobernaba la ciudad portuaria de Aguas Estancadas, y aunque su reinado haya terminado, hay quienes creen que esto solo... VER MÁS"
"GAREN","LUCHADOR","Garen, un orgulloso y noble guerrero, lucha en las filas de la Vanguardia Impertérrita. Es querido entre sus compañeros y respetado por sus enemigos, y no solo por ser vástago de la prestigiosa familia Crownguard, responsable de la defensa de Demacia y... VER MÁS"
"GNAR","LUCHADOR","Gnar es un yordle primitivo cuyas payasadas lúdicas pueden estallar en la ira de un niño pequeño en un instante, transformándolo en una bestia enorme empeñada en la destrucción. Congelado en Hielo Puro durante milenios, la curiosa criatura se liberó y... VER MÁS"
"GRAGAS","LUCHADOR","Alegre e imponente por partes iguales, Gragas es un cervecero enorme y provocador en su propia búsqueda de la pinta de cerveza perfecta. Proveniente de lugares desconocidos, ahora busca ingredientes raros entre los intactos páramos de Freljord, probando... VER MÁS"
"GRAVES","TIRADOR","Malcolm Graves es un famoso mercenario, jugador y ladrón. Un hombre buscado en todas las ciudades e imperios que ha visitado. A pesar de su temperamento explosivo, posee un firme sentido del honor criminal, que a menudo ejecuta con su escopeta de doble... VER MÁS"
"GWEN","LUCHADOR","Gwen, una muñeca a la que la magia confirió vida, va armada con los mismos utensilios que en su día la confeccionaron. Lleva consigo la fuerza del amor de su creadora en cada paso que da y es consciente de la maravilla de vivir. La Niebla consagrada... VER MÁS"
"HECARIM","LUCHADOR","Hecarim es una fusión espectral de hombre y bestia, condenado a arrollar las almas de los vivos por toda la eternidad. Cuando las Islas Bendecidas cayeron en la sombra, este orgulloso caballero fue aniquilado por las energías destructivas de la Ruina... VER MÁS"
"HEIMERDINGER","MAGO","El profesor Cecil B. Heimerdinger, un científico yordle excéntrico pero brillante, es considerado una de las mentes más innovadoras y uno de los inventores más admirados de la historia de Piltover. Tiene una dedicación incesante en su trabajo hasta el... VER MÁS"
"ILLAOI","LUCHADOR","El poderoso físico de Illaoi solo se ve empequeñecido por su indómita fe. Como profeta del Gran Kraken, hace uso de un gran ídolo de oro para arrancar el espíritu del cuerpo de sus enemigos y fracturar su percepción de la realidad. Todo el que desafía a... VER MÁS"
"IRELIA","LUCHADOR","La ocupación noxiana de Jonia produjo mucho héroes, pero ninguno más improbable que la joven Irelia de Navori. Se entrenó en las antiguas danzas de su gente y adaptó su arte para la guerra, usando los movimientos elegantes y diligentemente practicados... VER MÁS"
"IVERN","APOYO","Ivern Bósquez, conocido por muchos como el Padre Arborescente, es un ser peculiar, mitad humano y mitad árbol, que deambula por los bosques de Runaterra y cultiva la vida allá donde va. Conoce los secretos del mundo natural y es buen amigo de todo lo... VER MÁS"
"JANNA","APOYO","Janna, armada con el poder de los vendavales de Runaterra, es un misterioso espíritu elemental que aprovecha el viento para proteger a los más desfavorecidos de Zaun. Hay quien cree que surgió de los ruegos de los marineros de Runaterra, que rezaban por... VER MÁS"
"JARVAN IV","TANQUE","El príncipe Jarvan, descendiente de la dinastía Escudo de Luz, es heredero al trono de Demacia. Criado para ser ejemplo de las mayores virtudes de su nación, se ve obligado a equilibrar las grandes expectativas que se le imponen con su propio deseo de... VER MÁS"
"JAX","LUCHADOR","Incomparable en su habilidad con armas especiales y su mordaz sarcasmo, Jax es el último maestro de armas conocido de Icathia. Después de que su tierra natal fuera devastada por su propia arrogancia al desatar el Vacío, Jax y los suyos juraron proteger... VER MÁS"
"JAYCE","LUCHADOR","Jayce es un brillante inventor que ha jurado defender con su vida a Piltover y a su irreductible afán de progreso. Empuñando su martillo hextech transformable, Jayce hace uso de su fuerza, coraje y considerable inteligencia para proteger su ciudad natal... VER MÁS"
"JHIN","TIRADOR","Jhin es un meticuloso criminal psicópata que ve el asesinato como arte. Otrora prisionero jonio, fue liberado gracias a los sombríos tejemanejes del consejo de Jonia. Ahora, el asesino en serie trabaja como sicario de la secta. Con su pistola como... VER MÁS"
"JINX","TIRADOR","Jinx, una criminal perturbada e impulsiva de Zaun, vive para sembrar el caos sin importarle las consecuencias. Provoca las explosiones más ruidosas y cegadoras con su arsenal de armas letales para dejar un rastro de terror y destrucción a su paso. Jinx... VER MÁS"
"KAI'SA","TIRADOR","Reclamada por el Vacío cuando era solo una niña, Kai'Sa logró sobrevivir por pura tenacidad y fuerza de voluntad. Sus experiencias la han convertido en una cazadora letal y, para algunos, el presagio de un futuro que preferirían no vivir para ver. Ahora... VER MÁS"
"KALISTA","TIRADOR","Kalista, un espectro de cólera y castigo, es el inmortal espíritu de la venganza, una pesadilla acorazada que llega desde las Islas de la Sombra para dar caza a los embusteros y los traidores. Puede que todos los que han sido traicionados pidan venganza... VER MÁS"
"KARMA","MAGO","No hay mortal que ejemplifique las tradiciones espirituales de Jonia mejor que Karma. Es la personificación de un alma antigua reencarnada un sinfín de veces, que acumula los recuerdos de las vidas pasadas a la nueva y que ha sido bendecida con un poder... VER MÁS"
"KARTHUS","MAGO","Karthus, heraldo del olvido, es un espíritu inmortal cuyos pavorosos cantos preceden al horror de su dantesca aparición. Los vivos temen la eternidad de la no muerte, pero Karthus solo percibe hermosura y pureza en su abrazo, una comunión perfecta entre... VER MÁS"
"KASSADIN","ASESINO","Dejando tras sí una huella ardiente por los lugares más oscuros del mundo, Kassadin sabe que sus días están contados. Guía y aventurero de Shurima que ha viajado por medio mundo, había elegido formar a una familia entre las pacíficas tribus del sur... VER MÁS"
"KATARINA","ASESINO","Con un juicio decisivo y letal en el combate, Katarina es una de las mejores asesinas noxianas. Al ser la primogénita del legendario general Du Couteau, ha dado a conocer sus habilidades con asesinatos rápidos contra enemigos inconscientes. Una ambición... VER MÁS"
"KAYLE","LUCHADOR","Kayle, nacida de un Aspecto de Targon en el punto álgido de las Guerras Rúnicas, honró el legado de su madre al continuar la lucha por la justicia con sus alas de llamas divinas. Durante muchos años, ella y su hermana gemela Morgana fueron las... VER MÁS"
"KAYN","LUCHADOR","Shieda Kayn, un practicante sin par de la mortífera magia sombría, lucha por alcanzar su verdadero destino: llegar a guiar algún día a la Orden de la Sombra hacia una nueva era de supremacía jonia. Empuña la oscura arma viviente Rhaast, impasible ante... VER MÁS"
"KENNEN","MAGO","Más allá de ser el rápido encargado de mantener el equilibrio en Jonia, Kennen es también el único yordle de los kinkou. A pesar de su pequeño y peludo tamaño, siempre está impaciente por enfrentarse a cualquier amenaza dando rienda suelta a una... VER MÁS"
"KHA'ZIX","ASESINO","El Vacío crece y el Vacío se adapta; verdades que son más evidentes en Kha'Zix que en ningún otro de sus innumerables engendros. La evolución impulsa el núcleo de este horror mutante, nacido para sobrevivir y matar a los fuertes. Cuando se esfuerza por... VER MÁS"
"KINDRED","TIRADOR","Divididos, pero nunca separados, Kindred representan las dos esencias de la muerte. El arco de Cordera ofrece una rápida liberación de los pesares del reino mortal a aquellos que aceptan su destino. Lobo da caza a quienes intentan escapar de él y les... VER MÁS"
"KLED","LUCHADOR","Kled es un guerrero yordle tan intrépido como malhumorado y es la encarnación de la furiosa bravuconería noxiana. Los soldados del imperio lo adoran, sus oficiales desconfían de él y la clase noble lo detesta. Muchos afirman que ha luchado en todas y... VER MÁS"
"KOG'MAW","TIRADOR","Escupido de una incursión deteriorada del Vacío en los yermos de Icathia, Kog'Maw es una criatura curiosa y pútrida con una boca enorme y cáustica. Esta particular criatura necesita morder y babear todo lo que esté a su alcance para comprenderlo. Aunque... VER MÁS"
"LEBLANC","ASESINO","Misteriosa incluso para el resto de miembros de la camarilla de la Rosa Negra, LeBlanc es uno de los muchos nombres que usa una mujer pálida que ha manipulado a la gente y a los sucesos desde los primeros días de Noxus. Con el uso de la magia para... VER MÁS"
"LEE SIN","LUCHADOR","Lee Sin, maestro de las artes marciales ancestrales de Jonia, es un luchador con principios que canaliza la esencia del espíritu del dragón para enfrentarse a cualquier desafío. Aunque perdió la vista hace muchos años, el monje guerrero ha dedicado su... VER MÁS"
"LEONA","TANQUE","Imbuida del fuego del sol, Leona es una guerrera sagrada de los Solari que defiende el Monte Targon con su Hoja del cénit y su Escudo del amanecer. Su piel brilla como las estrellas y sus ojos resplandecen con el poder del aspecto celestial de su... VER MÁS"
"LILLIA","LUCHADOR","Lillia es una tímida cervatilla feérica que merodea a su antojo por los bosques jonios. Se oculta de los mortales, cuya misteriosa naturaleza la cautiva y la intimida a partes iguales, con la esperanza de descubrir por qué los sueños humanos han dejado... VER MÁS"
"LISSANDRA","MAGO","La magia de Lissandra convierte el poder del hielo en algo oscuro y terrible. Con la fuerza de su hielo negro, además de congelar a aquellos que se le oponen, los empala y los destruye sin mostrar piedad. Se la conoce como ''la Bruja de Hielo'' entre... VER MÁS"
"LUCIAN","TIRADOR","Lucian, antiguo Centinela de la Luz, es un sombrío cazador de espíritus eternos a los que persigue implacablemente y los aniquila con sus pistolas reliquias. Después de que el macabro espectro Thresh asesinara a su mujer, Lucian se dejó llevar por el... VER MÁS"
"LULU","APOYO","Lulu, la yordle maga, es conocida por invocar ilusiones oníricas y criaturas imaginarias en sus viajes por Runaterra con su hada compañera, Pix. Lulu le da forma a la realidad a su antojo, transforma el tejido del mundo y de lo que ve como los límites... VER MÁS"
"LUX","MAGO","Luxanna Crownguard procede de Demacia, un reino insular en el que las habilidades mágicas se observan con temor y suspicacia. Capaz de manipular la luz a su voluntad, creció temiendo que la descubriesen y la exiliaran, por lo que se vio obligada a... VER MÁS"
"MAESTRO YI","ASESINO","Maestro Yi ha atemperado su cuerpo y agudizado su mente, de modo que el pensamiento y la acción se han convertido casi en uno. Aunque elige emplear la violencia solo como último recurso, la gracia y la velocidad de su espada aseguran que el final... VER MÁS"
"MALPHITE","TANQUE","Como una criatura enorme de piedra viviente, a Malphite le cuesta imponer el orden en un mundo caótico. Creado como sirviente de fragmentos de un obelisco sobrenatural conocido como el Monolito, usó su increíble fuerza elemental para mantener y proteger... VER MÁS"
"MALZAHAR","MAGO","Malzahar, un fanático mago vidente dedicado a la unión de toda vida, está convencido de que el nuevo y emergente Vacío es el camino hacia la salvación de Runaterra. En pleno desierto de Shurima siguió las voces que susurraban en su mente hasta llegar a... VER MÁS"
"MAOKAI","TANQUE","Maokai es un imponente y feroz treant que lucha contra los horrores antinaturales de las Islas de la Sombra. Las ansias de venganza le inundaron después de que un cataclismo mágico destruyera su hogar, y sobrevive a la podredumbre únicamente por las... VER MÁS"
"MISS FORTUNE","TIRADOR","Sarah Fortune se cuenta sin duda entre los capitanes más conocidos de Aguas Estancadas y es tan célebre por su apariencia como temida por su ferocidad. Por eso despunta entre los criminales más peligrosos de esta ciudad portuaria. De niña, presenció... VER MÁS"
"MORDEKAISER","LUCHADOR","Mordekaiser es un sanguinario señor de la guerra proveniente de tiempos olvidados al que los siglos han visto nacer en tres ocasiones y morir en otras dos. Utiliza sus poderes necrománticos para atar almas perdidas a una vida eterna a su servicio. Ya no... VER MÁS"
"MORGANA","MAGO","En vistas del conflicto entre su naturaleza celestial y su naturaleza mortal, Morgana decidió atarse las alas para aceptar la humanidad y deja caer el peso de su dolor y rencor sobre los deshonestos y los corruptos. Se opone a las leyes y tradiciones... VER MÁS"
"NAMI","APOYO","Nami, una joven y testaruda vastaya marina, fue la primera de la tribu marai en abandonar las olas y aventurarse en tierra firme cuando se rompió el ancestral acuerdo de su tribu con los targonianos. A falta de otra opción, Nami se encargó de completar... VER MÁS"
"NASUS","LUCHADOR","Nasus es un imponente ser Ascendido con cabeza de chacal procedente de la antigua Shurima; una figura heroica a la que las gentes del desierto han encumbrado al nivel de semidiós. Poseedor de una increíble inteligencia, fue un guardián del saber y... VER MÁS"
"NAUTILUS","TANQUE","El gigante acorazado Nautilus, una leyenda solitaria tan antigua como los pecios de Aguas Estancadas, recorre las turbias aguas que rodean las costas de las Islas de la Llama Azul. Impulsado por una traición olvidada, ataca con su enorme ancla sin... VER MÁS"
"NEEKO","MAGO","Procedente de una tribu vastaya perdida hace mucho tiempo, Neeko puede fundirse entre la multitud adoptando el aspecto de los demás, incluso es capaz de absorber parte de su estado emocional y así distinguir inmediatamente a amigos y enemigos. Nadie... VER MÁS"
"NIDALEE","ASESINO","Criada en lo más profundo de la jungla, Nidalee es una rastreadora maestra que puede convertirse en un felino feroz a voluntad. No es completamente mujer ni bestia, pero defiende con fiereza su territorio de todos los invasores, con trampas colocadas... VER MÁS"
"NOCTURNE","ASESINO","El ser conocido como Nocturne es una fusión demoníaca extraída de las pesadillas que acechan a todas las mentes conscientes y se ha convertido en una fuerza primordial de pura maldad. Tiene un aspecto líquido y caótico, una sombra sin rostro con ojos... VER MÁS"
"NUNU Y WILLUMP","TANQUE","Había una vez un niño que quería acabar con un temible monstruo para demostrar que era un héroe; pero que terminó descubriendo que la bestia, un yeti solitario y mágico, solo necesitaba un amigo. Ahora, Nunu y Willump, unidos por un poder ancestral y... VER MÁS"
"OLAF","LUCHADOR","Olaf porta sus hachas de forma que es una fuerza imparable de destrucción que no quiere nada, salvo morir en un combate glorioso. Natural de Lokfar, una brutal península de Freljord, una vez escuchó una profecía que lo avisaba de una muerte tranquila... VER MÁS"
"ORIANNA","MAGO","Orianna, antaño una chica curiosa de carne y hueso, es ahora una maravilla tecnológica compuesta exclusivamente de engranajes. Cayó gravemente enferma tras un accidente en los distritos inferiores de Zaun y su cuerpo moribundo tuvo que ser reemplazado... VER MÁS"
"ORNN","TANQUE","Ornn es el espíritu de Freljord de la forja y la artesanía. Trabaja en la soledad de una enorme forja esculpida en las cavernas de lava bajo el volcán de Dulcehogar. En ella modela objetos de calidad sin igual y depura menas en burbujeantes calderos de... VER MÁS"
"PANTHEON","LUCHADOR","Tiempo atrás, Atreus había albergado al Aspecto de la Guerra en su interior contra su voluntad, pero sobrevivió al golpe que acabó con el poder divino y arrancó estrellas del firmamento. Con el paso de los años, aprendió a aceptar el poder de su propia... VER MÁS"
"POPPY","TANQUE","En Runaterra hay un gran número de campeones valerosos, pero muy pocos son tan tenaces como Poppy. Esta yordle tan obstinada porta el legendario martillo de Orlon, que la dobla en tamaño, y se ha pasado infinidad de años buscando en secreto al famoso... VER MÁS"
"PYKE","APOYO","A Pyke, un conocido arponero de los muelles del matadero de Aguas Estancadas, le esperaba la muerte en el estómago de una gigantesca criatura marina... y sin embargo, regresó. Desde entonces acecha en los fríos y húmedos callejones y caminos de la que... VER MÁS"
"QIYANA","ASESINO","En la ciudad selvática de Ixaocan, Qiyana se dedica a planear sin clemencia alguna su ascenso al trono de los Yun Tal. Es la última en la línea de sucesión pero planta cara a todo aquel que se interpone en su camino con una confianza arrolladora y un... VER MÁS"
"QUINN","TIRADOR","Quinn es una amazona montaraz de élite de Demacia que emprende peligrosas misiones en territorio enemigo. Ella y su águila legendaria Valor comparten un vínculo inquebrantable, y sus enemigos suelen ser asesinados antes de que puedan darse cuenta de que... VER MÁS"
"RAKAN","APOYO","Con un carácter tan impulsivo como encantador, Rakan es un infame alborotador vastaya y el mejor bailarín de batalla de la historia tribal de Lhotlan. Para los humanos de las montañas de Jonia, su nombre siempre ha sido sinónimo de festivales... VER MÁS"
"RAMMUS","TANQUE","Idealizado por muchos, ignorado por otros, inexplicable para todos, Rammus, el extraño ser, es todo un enigma. Protegido por un armazón de pinchos, inspira teorías cada vez más absurdas sobre sus orígenes allá donde va. Estas pasan por considerarlo un... VER MÁS"
"REK'SAI","LUCHADOR","Rek'Sai, en la cima de la pirámide de los depredadores, es un ente del Vacío despiadado que excava túneles por debajo del terreno para emboscar y devorar a presas ignorantes. Su insaciable hambre ha sembrado la destrucción en regiones enteras del... VER MÁS"
"RELL","TANQUE","Rell, producto de crueles experimentos a manos de la Rosa Negra, es ahora una intrépida arma viviente decidida a hacer caer Noxus. Su infancia estuvo marcada por la desdicha y el horror, pues se vio sometida a espeluznantes tratamientos para... VER MÁS"
"RENEKTON","LUCHADOR","Renekton es una terrorífica criatura Ascendida movida por la ira y procedente de los desiertos abrasadores de Shurima. En su día fue el guerrero más admirado del imperio, un líder que condujo a los ejércitos de la nación a incontables victorias. Sin... VER MÁS"
"RENGAR","ASESINO","Rengar es un feroz cazador de trofeos vastaya que vive por el placer de perseguir y asesinar criaturas peligrosas. Explora el mundo en busca de las bestias más aterradoras, pero, ante todo, quiere encontrar alguna pista que lo lleve hasta Kha'Zix, la... VER MÁS"
"RIVEN","LUCHADOR","Antaño maestra de la espada de las huestes de Noxus, Riven es una expatriada en la tierra que previamente había tratado de conquistar. Fue ascendiendo de rango gracias a la fuerza de su convicción y a su brutal eficiencia, y fue recompensada con una... VER MÁS"
"RUMBLE","LUCHADOR","Rumble es un joven inventor con temperamento. Utilizando nada más que sus propias manos y un montón de chatarra, el yordle peleón construyó un traje mecha colosal equipado con un arsenal de arpones electrificados y cohetes incendiarios. Aunque los demás... VER MÁS"
"RYZE","MAGO","Ryze es considerado uno de los hechiceros con más experiencia de Runaterra. El archimago ancestral y gruñón lleva sobre sus hombros una pesada carga. Con su constitución sin límites y su inmenso poder arcano, Ryze se pasa la vida buscando... VER MÁS"
"SAMIRA","TIRADOR","Samira mira a la muerte a los ojos con una confianza férrea, y va siempre en busca de emociones. Tras la destrucción de su hogar en Shurima cuando era una niña, Samira encontró su verdadera vocación en Noxus, donde se ganó la reputación de ser una... VER MÁS"
"SEJUANI","TANQUE","Sejuani es la brutal e implacable comandante hija del hielo de la tribu Garra Invernal, una de las más temidas de Freljord. La supervivencia de su gente es una constante y desesperada lucha contra los elementos, lo que los obliga a asaltar a noxianos... VER MÁS"
"SENNA","TIRADOR","Maldita desde que era apenas una niña y perseguida por la Niebla Negra, Senna se unió a una orden sagrada conocida como los Centinelas de la Luz y pasó años luchando sin descanso hasta que fue asesinada y encerrada en el interior de la linterna del... VER MÁS"
"SERAPHINE","MAGO","Seraphine, de padres zaunitas, nació en Piltover y es capaz de escuchar las almas de los demás. El mundo le canta y ella le devuelve la canción. Aunque esos sonidos le resultaban abrumadores cuando era pequeña, ahora le sirven de inspiración, y... VER MÁS"
"SETT","LUCHADOR","Sett es una prominente figura en los emergentes círculos criminales jonios, que aseguró su posición al inicio de la guerra con Noxus. A pesar de sus humildes comienzos como luchador en el foso de Navori, no tardó en labrarse una reputación con la ayuda... VER MÁS"
"SHACO","ASESINO","Shaco fue fabricado hace mucho tiempo para entretener a un príncipe solitario, pero ahora la marioneta encantada se regocija en la muerte y el caos. El otrora adorable muñeco fue corrompido por magia oscura y por la pérdida de su amado dueño, de modo... VER MÁS"
"SHEN","TANQUE","Shen, el Ojo del Crepúsculo, es el cabecilla de los sigilosos guerreros de Jonia conocidos como Kinkou. Su objetivo es mantenerse libre de las ataduras de cualquier emoción, prejuicio o ego, y avanza por el camino invisible del juicio desapasionado... VER MÁS"
"SHYVANA","LUCHADOR","Shyvana es una criatura con la magia de un fragmento de runa incandescente alojada en lo más profundo de su corazón. Pese a que su aspecto más común es el de humana, su verdadera forma es la de una feroz dragona capaz de reducir a sus enemigos a cenizas... VER MÁS"
"SINGED","TANQUE","Singed es un alquimista zaunita de intelecto sin igual que se ha entregado en cuerpo y alma a sobrepasar los límites del conocimiento, sin importarle el precio que tenga que pagar. ¿Acaso su locura se rige por pautas? Sus brebajes no suelen fallar, pero... VER MÁS"
"SION","TANQUE","Sion fue un héroe de guerra en el pasado y los noxianos lo veneraban porque había arrebatado la vida de un rey demaciano con sus simples manos. No obstante, se le denegó su viaje al más allá, pues fue revivido para servir a su imperio incluso después de... VER MÁS"
"SIVIR","TIRADOR","Sivir es una afamada buscadora de tesoros y capitana mercenaria que se gana la vida en el desierto de Shurima. Provista de un arma legendaria en forma de cruz engastada con gemas, ha librado y ganado innumerables batallas para aquellos que pueden... VER MÁS"
"SKARNER","LUCHADOR","Skarner es un gigantesco escorpión cristalino, procedente de un oculto valle de Shurima. La antigua raza a la que Skarner pertenece, los brackern, es famosa por su sabiduría y su profunda conexión con la tierra, pues sus almas están fundidas con... VER MÁS"
"SONA","APOYO","Sona es la artista más virtuosa de Demacia con el etwahl de cuerda y solo se comunica a través de sus elegantes acordes y vibrantes melodías. Esta refinada actitud le ha hecho ganarse el favor de la alta sociedad, aunque los hay que sospechan que sus... VER MÁS"
"SORAKA","APOYO","Soraka, una nómada proveniente de las dimensiones celestiales más allá del monte Targon, dejó a un lado su inmortalidad para proteger a las razas mortales de sus propios instintos asesinos. Su cometido es difundir las virtudes de la compasión y la... VER MÁS"
"SWAIN","MAGO","Jericho Swain es el visionario líder de Noxus, una nación expansionista que solo venera la fuerza. Pese a haber sido relegado y a haber perdido el brazo izquierdo en las guerras de Jonia, se hizo con el control del imperio con una despiadada... VER MÁS"
"SYLAS","MAGO","Sylas de Dregbourne, originario de uno de los barrios más pobres de Demacia, llega como símbolo del lado más oscuro de la gran ciudad. De niño, su potencial para hallar la brujería oculta llamó la atención de los cazadores de magos más prestigiosos... VER MÁS"
"SYNDRA","MAGO","Syndra es una temible maga jonia con un poder increíble a su disposición. De niña, inquietó a los ancianos del lugar con su imprudente y tempestuosa magia. La enviaron a que aprendiera a controlarla mejor, pero al final descubrió que su supuesto mentor... VER MÁS"
"TAHM KENCH","APOYO","Tahm Kench, al que se le han atribuido diferentes nombres a lo largo de la historia, es un demonio que viaja por los canales de Runaterra colmando su insaciable apetito con las desgracias ajenas. Pese a que pueda parecer cautivador y orgulloso, se... VER MÁS"
"TALIYAH","MAGO","Taliyah es una hechicera nómada de Shurima desgarrada entre la curiosidad de una adolescente y la responsabilidad de una adulta. Ha atravesado Valoran de un lado a otro para descubrir la auténtica naturaleza de sus crecientes poderes, aunque... VER MÁS"
"TALON","ASESINO","Talon es el cuchillo de la oscuridad, un asesino despiadado capaz de atacar sin previo aviso y huir antes de que salte alarma alguna. Logró granjearse una peligrosa reputación en las terribles calles de Noxus, donde se vio obligado a luchar, matar y... VER MÁS"
"TARIC","APOYO","Taric es el Aspecto del Protector, y gracias a su increíble poder es el guardián de la vida, el amor y la belleza en Runaterra. Caído en desgracia debido a la negligencia de su deber y exiliado de su hogar, Demacia, Taric ascendió al Monte Targon... VER MÁS"
"TEEMO","TIRADOR","Sin inmutarse siquiera por los obstáculos más peligrosos y amenazantes, Teemo explora el mundo con un entusiasmo infinito y una alegría desbordante. Con un inquebrantable sentido de la moralidad, este yordle se enorgullece de seguir el Código de los... VER MÁS"
"THRESH","APOYO","Thresh, un ser sádico y astuto, es un ambicioso y trastornado espíritu de las Islas de la Sombra. Otrora guardián de innumerables secretos arcanos, acabó sucumbiendo a un poder por encima de la vida y la muerte. Ahora sobrevive torturando a sus víctimas... VER MÁS"
"TRISTANA","TIRADOR","Pese a que la mayoría de los yordles canalizan sus energías hacia el descubrimiento, la invención o simples trastadas, Tristana siempre se ha visto inspirada por las aventuras de los grandes guerreros. Siempre ha escuchado las historias de Runaterra... VER MÁS"
"TRUNDLE","LUCHADOR","Trundle es un trol retorcido y colosal con una personalidad despiadada. No hay nada que no sea capaz de someter a base de mazazos, ni siquiera el propio Freljord. Su tremendo instinto territorial lo mueve a perseguir a todo aquel lo bastante osado como... VER MÁS"
"TRYNDAMERE","LUCHADOR","Impulsado por una furia y una rabia desenfrenadas, Tryndamere solía abrirse paso por Freljord desafiando abiertamente a los mejores guerreros del norte con el objetivo de prepararse para días aún más oscuros. El furioso bárbaro lleva una eternidad... VER MÁS"
"TWISTED FATE","MAGO","Twisted Fate es un tahúr y timador de mala reputación que ha viajado por buena parte del mundo conocido, granjeándose con su encanto y su habilidad con los naipes la admiración y la enemistad de ricos y necios por igual. Raras veces se toma las cosas... VER MÁS"
"TWITCH","TIRADOR","Rata de la peste zaunita por nacimiento y apasionado experto de la suciedad por afición, a Twitch no le preocupa ensuciarse las zarpas. Con su ballesta de cualidades químicas apuntando al corazón hipócrita de Piltover, se ha jurado demostrar a los... VER MÁS"
"UDYR","LUCHADOR","Udyr es algo más que un hombre; es un recipiente para el poder indomable de cuatro espíritus animales primigenios. Al canalizar la naturaleza primaria de los espíritus, Udyr puede emplear sus fuerzas únicas: el tigre le proporciona velocidad y... VER MÁS"
"URGOT","LUCHADOR","Urgot, antiguo verdugo noxiano, fue traicionado por el imperio por el que había matado a tantos. Amarrado con cadenas de hierro, se vio obligado a aprender el verdadero significado de la fuerza en la Draga; una mina penitenciaria en las profundidades de... VER MÁS"
"VARUS","TIRADOR","Como uno de los antiguos oscuros Varus era un asesino despiadado al que le encantaba torturar a sus enemigos hasta las puertas de la locura antes de atravesarlos con una flecha letal. Fue apresado y encarcelado al final de la gran Guerra Oscura, pero... VER MÁS"
"VAYNE","TIRADOR","Shauna Vayne es una cazadora de monstruos demaciana letal y despiadada que ha dedicado su vida a buscar y destruir al demonio que asesinó a su familia. Provista de una ballesta que lleva en la muñeca y un corazón ansioso de venganza, Vayne solo es... VER MÁS"
"VEIGAR","MAGO","Entusiasta maestro de la magia negra, Veigar ha hecho suyos poderes a los que pocos mortales se atreven a acercarse. Como espíritu de Ciudad de Bandle, buscó durante mucho tiempo deshacerse de las limitaciones de la magia yordle, así que su atención se... VER MÁS"
"VEL'KOZ","MAGO","No es seguro que Vel'Koz sea el primer ente del Vacío que ha aparecido en Runaterra, pero no ha habido ningún otro con su nivel de crueldad y conciencia calculadora. Mientras que los de su especie devoran y profanan todo cuanto encuentran, él busca el... VER MÁS"
"VEX","MAGO","En el oscuro corazón de las Islas de la Sombra, una yordle solitaria atraviesa arduamente la bruma espectral, satisfecha con su tenebrosa miseria. Con una angustia adolescente inagotable y una poderosa sombra tras de sí, Vex vive en un planeta de... VER MÁS"
"VI","LUCHADOR","Otrora delincuente en las perversas calles de Zaun, Vi es una mujer impulsiva e imponente con muy poco respeto por las figuras de la autoridad. Tras crecer sola, Vi desarrolló y perfeccionó sus instintos de supervivencia, así como un áspero sentido del... VER MÁS"
"VIEGO","ASESINO","Viego, soberano de un reino ya olvidado, murió hace más de mil años cuando su intento por devolverle la vida a su esposa desencadenó una catástrofe mágica conocida como la Ruina. Ahora Viego, trasformado en un poderoso espectro atormentado por el anhelo... VER MÁS"
"VIKTOR","MAGO","Viktor, el heraldo de una nueva era tecnológica, ha consagrado su vida al progreso de la humanidad. Es un idealista que busca llevar al pueblo de Zaun a un nuevo nivel de comprensión y cree que la humanidad solo podrá alcanzar su máximo potencial... VER MÁS"
"VLADIMIR","MAGO","Un demonio con sed de sangre mortal, Vladimir ha influido en el destino de Noxus desde los primeros días del imperio. Además de alargar su vida de forma sobrenatural, su amplio conocimiento de la hemomancia le posibilita controlar el cuerpo y la mente... VER MÁS"
"VOLIBEAR","LUCHADOR","Para aquellos que aún lo veneran, Volibear es la encarnación de la tormenta. Destructivo, salvaje y decidido, existe desde antes de que los mortales pusieran pie en las tundras de Freljord y protege con fiereza las tierras que creó junto a sus hermanos... VER MÁS"
"WARWICK","LUCHADOR","Warwick es un monstruo que acecha en los oscuros callejones de Zaun. Transformado por atroces experimentos, su cuerpo está fusionado con un complejo sistema de cámaras y bombas, una maquinaria que llena sus venas de furia alquímica. Saltando desde las... VER MÁS"
"WUKONG","LUCHADOR","Wukong es un embaucador vastaya que se vale de su fuerza, agilidad e inteligencia para confundir a sus oponentes y conseguir ventaja. Tras forjar una amistad para toda la vida con el guerrero conocido como el Maestro Yi, Wukong se convirtió en el último... VER MÁS"
"XAYAH","TIRADOR","Mortal y precisa, Xayah es una vastaya revolucionaria que libra una guerra personal para salvar a su pueblo. Utiliza su rapidez, su astucia y sus plumas afiladas como cuchillas para liquidar a cualquiera que se interponga en su camino. Xayah lucha junto... VER MÁS"
"XERATH","MAGO","Xerath es un mago Ascendido de la vieja Shurima, un ser con energía arcana retorciéndose en los quebrados fragmentos de un sarcófago mágico. Durante milenios estuvo atrapado bajo las arenas del desierto, pero el ascenso de Shurima lo liberó de su... VER MÁS"
"XIN ZHAO","LUCHADOR","Xin Zhao es un guerreo decidido y valiente, leal a la dinastía Escudo de Luz. En su momento fue condenado a los fosos noxianos, en los que sobrevivió a incontables batallas de gladiadores. Pero, tras ser liberado por las fuerzas demacianas, entregó su... VER MÁS"
"YASUO","LUCHADOR","Yasuo, un intrépido jonio con una fuerza de voluntad inquebrantable, es también un hábil espadachín capaz de controlar el viento y utilizarlo contra sus enemigos. Siendo un joven orgulloso fue injustamente acusado de asesinar a su maestro. Incapaz de... VER MÁS"
"YONE","ASESINO","En vida, fue Yone, hermanastro de Yasuo y pupilo de renombre en la escuela de esgrima de su aldea. No obstante, al morir a manos de su hermano, se vio perseguido por una maligna entidad del reino espiritual y acabó por asesinarlo con su propia espada... VER MÁS"
"YORICK","LUCHADOR","Yorick, último superviviente de una orden religiosa olvidada hace tiempo, carga con la bendición y la maldición del poder sobre los muertos. Atrapado en las Islas de la Sombra, sus únicos compañeros son cadáveres en descomposición y los espíritus... VER MÁS"
"YUUMI","APOYO","Yuumi, una gata mágica de Ciudad de Bandle, fue antaño la compañera de una hechicera yordle, Norra. Tras la misteriosa desaparición de su maestra, Yuumi se convirtió en la guardiana del Libro de umbrales de Norra, un objeto sintiente cuyas páginas... VER MÁS"
"ZAC","TANQUE","Zac es el resultado de un vertido tóxico que recorría una veta tecnoquímica y fue a parar a una profunda caverna apartada en el sumidero de Zaun. A pesar de sus humildes orígenes, Zac ha pasado de ser un flujo primitivo a un ser pensante que habita en... VER MÁS"
"ZED","ASESINO","Zed, despiadado y nada compasivo, es el líder de la Orden de la Sombra, una organización que él mismo creó con el propósito de militarizar las tradiciones marciales y mágicas de Jonia para expulsar a los invasores noxianos. Durante la guerra, la... VER MÁS"
"ZERI","TIRADOR","Una joven testaruda y llena de vida de la clase trabajadora de Zaun. Zeri canaliza su magia eléctrica para cargarse a sí misma y su fusil personalizado. Su volátil poder canaliza sus emociones, y sus chispas se inspiran en su veloz estilo de vida... VER MÁS"
"ZIGGS","MAGO","Gran amante de las bombas grandes y las mechas cortas, el yordle Ziggs es una explosiva fuerza de la naturaleza. Trabajaba como ayudante de un inventor en Piltover, pero, cansado de llevar una vida tan aburrida y monótona, decidió hacerse amigo de una... VER MÁS"
"ZILEAN","APOYO","Zilean, el que un día fuera un poderoso mago de Icathia, se obsesionó con el paso del tiempo tras ser testigo de la destrucción de su tierra natal a manos del Vacío. Incapaz de parar un minuto a llorar tan catastrófica pérdida, se entregó a la vetusta... VER MÁS"
"ZOE","MAGO","Como personificación de la travesura, de la imaginación y del cambio, Zoe es la mensajera cósmica de Targon y anuncia acontecimientos importantes que remodelan mundos. Su mera presencia distorsiona las matemáticas arcanas que gobiernan las realidades y... VER MÁS"
"ZYRA","MAGO","Nacida gracias a un fenómeno sobrenatural hace mucho tiempo, Zyra encarna la ira de la naturaleza: un seductor híbrido entre planta y humano que da lugar a nueva vida a cada paso. Ve a los mortales de Valoran como poco más que presas para su progenie, y... VER MÁS"
